-- phpMyAdmin SQL Dump
-- version 5.2.0
-- https://www.phpmyadmin.net/
--
-- Servidor: 127.0.0.1
-- Tiempo de generación: 12-05-2023 a las 08:52:13
-- Versión del servidor: 10.4.27-MariaDB
-- Versión de PHP: 8.2.0

SET SQL_MODE = "NO_AUTO_VALUE_ON_ZERO";
START TRANSACTION;
SET time_zone = "+00:00";


/*!40101 SET @OLD_CHARACTER_SET_CLIENT=@@CHARACTER_SET_CLIENT */;
/*!40101 SET @OLD_CHARACTER_SET_RESULTS=@@CHARACTER_SET_RESULTS */;
/*!40101 SET @OLD_COLLATION_CONNECTION=@@COLLATION_CONNECTION */;
/*!40101 SET NAMES utf8mb4 */;

--
-- Base de datos: `hackerrank`
--

-- --------------------------------------------------------

--
-- Estructura de tabla para la tabla `city`
--

CREATE TABLE `city` (
  `ID` int(5) NOT NULL,
  `NAME` varchar(17) NOT NULL,
  `COUNTRYCODE` varchar(3) NOT NULL,
  `DISTRICT` varchar(20) NOT NULL,
  `POPULATION` int(9) NOT NULL
) ENGINE=InnoDB DEFAULT CHARSET=utf8mb4 COLLATE=utf8mb4_general_ci;

--
-- Volcado de datos para la tabla `city`
--

INSERT INTO `city` (`ID`, `NAME`, `COUNTRYCODE`, `DISTRICT`, `POPULATION`) VALUES
(4, 'Mazar-e-Sharif', 'AFG', 'Balkh', 127800),
(6, 'Rotterdam', 'NLD', 'Zuid-Holland', 593321),
(11, 'Groningen', 'NLD', 'Groningen', 172701),
(19, 'Zaanstad', 'NLD', 'Noord-Holland', 135621),
(80, 'Merlo', 'ARG', 'Buenos Aires', 463846),
(89, 'San Isidro', 'ARG', 'Buenos Aires', 306341),
(91, 'Malvinas Argentin', 'ARG', 'Buenos Aires', 290335),
(124, 'San Rafael', 'ARG', 'Mendoza', 94651),
(128, 'Vanadzor', 'ARM', 'Lori', 172700),
(141, 'Geelong', 'AUS', 'Victoria', 125382),
(142, 'Townsville', 'AUS', 'Queensland', 109914),
(143, 'Cairns', 'AUS', 'Queensland', 92273),
(146, 'Sumqayit', 'AZE', 'Sumqayit', 283000),
(150, 'Dhaka', 'BGD', 'Dhaka', 3612850),
(151, 'Chittagong', 'BGD', 'Chittagong', 1392860),
(162, 'Dinajpur', 'BGD', 'Rajshahi', 127815),
(166, 'Tangail', 'BGD', 'Dhaka', 106004),
(168, 'Pabna', 'BGD', 'Rajshahi', 103277),
(214, 'Porto Alegre', 'BRA', 'Rio Grande do Sul', 1314032),
(304, 'Petrolina', 'BRA', 'Pernambuco', 210540),
(321, 'Rio Grande', 'BRA', 'Rio Grande do Sul', 182222),
(379, 'Palmas', 'BRA', 'Tocantins', 121919),
(397, 'Lauro de Freitas', 'BRA', 'Bahia', 109236),
(431, 'Angra dos Reis', 'BRA', 'Rio de Janeiro', 96864),
(473, 'Stoke-on-Trent', 'GBR', 'England', 252000),
(478, 'Aberdeen', 'GBR', 'Scotland', 213070),
(479, 'Northampton', 'GBR', 'England', 196000),
(484, 'Luton', 'GBR', 'England', 183000),
(510, 'Slough', 'GBR', 'England', 112000),
(521, 'Colchester', 'GBR', 'England', 96063),
(526, 'Birkenhead', 'GBR', 'England', 93087),
(532, 'Maidstone', 'GBR', 'England', 90878),
(540, 'Plovdiv', 'BGR', 'Plovdiv', 342584),
(547, 'Dobric', 'BGR', 'Varna', 100399),
(552, 'Bujumbura', 'BDI', 'Bujumbura', 300000),
(554, 'Santiago de Chile', 'CHL', 'Santiago', 4703954),
(575, 'Punta Arenas', 'CHL', 'Magallanes', 125631),
(626, 'al-Minya', 'EGY', 'al-Minya', 201360),
(628, 'Qina', 'EGY', 'Qina', 171275),
(633, 'Warraq al-Arab', 'EGY', 'Giza', 127108),
(646, 'Santa Ana', 'SLV', 'Santa Ana', 139389),
(657, 'Zaragoza', 'ESP', 'Aragonia', 603367),
(665, 'Vigo', 'ESP', 'Galicia', 283670),
(673, 'Badalona', 'ESP', 'Katalonia', 209635),
(686, 'Terrassa', 'ESP', 'Katalonia', 168695),
(720, 'Kempton Park', 'ZAF', 'Gauteng', 442633),
(721, 'Alberton', 'ZAF', 'Gauteng', 410102),
(732, 'Klerksdorp', 'ZAF', 'North West', 261911),
(738, 'Uitenhage', 'ZAF', 'Eastern Cape', 192120),
(743, 'Brakpan', 'ZAF', 'Gauteng', 171363),
(762, 'Bahir Dar', 'ETH', 'Amhara', 96140),
(784, 'Iloilo', 'PHL', 'Western Visayas', 365820),
(789, 'Iligan', 'PHL', 'Central Mindanao', 285061),
(796, 'Baguio', 'PHL', 'CAR', 252386),
(805, 'San Pablo', 'PHL', 'Southern Tagalog', 207927),
(811, 'Binangonan', 'PHL', 'Southern Tagalog', 187691),
(820, 'Legazpi', 'PHL', 'Bicol', 157010),
(858, 'Hagonoy', 'PHL', 'Central Luzon', 111425),
(865, 'San Jose', 'PHL', 'Central Luzon', 108254),
(886, 'Bislig', 'PHL', 'Caraga', 97860),
(887, 'Talavera', 'PHL', 'Central Luzon', 97329),
(892, 'Capas', 'PHL', 'Central Luzon', 95219),
(896, 'Malungon', 'PHL', 'Southern Mindanao', 93232),
(902, 'Libreville', 'GAB', 'Estuaire', 419000),
(904, 'Banjul', 'GMB', 'Banjul', 42326),
(906, 'Kutaisi', 'GEO', 'Imereti', 240900),
(909, 'Sohumi', 'GEO', 'Abhasia [Aphazeti]', 111700),
(924, 'Villa Nueva', 'GTM', 'Guatemala', 101295),
(931, 'Delmas', 'HTI', 'Ouest', 240429),
(939, 'Jakarta', 'IDN', 'Jakarta Raya', 9604900),
(941, 'Bandung', 'IDN', 'West Java', 2429000),
(967, 'Ciputat', 'IDN', 'West Java', 270800),
(981, 'Karawang', 'IDN', 'West Java', 145000),
(990, 'Waru', 'IDN', 'East Java', 124300),
(997, 'Cianjur', 'IDN', 'West Java', 114300),
(1002, 'Citeureup', 'IDN', 'West Java', 105100),
(1004, 'Klaten', 'IDN', 'Central Java', 103300),
(1021, 'Sawangan', 'IDN', 'West Java', 91100),
(1032, 'Nagpur', 'IND', 'Maharashtra', 1624752),
(1045, 'Patna', 'IND', 'Bihar', 917243),
(1046, 'Srinagar', 'IND', 'Jammu and Kashmir', 892506),
(1060, 'Hubli-Dharwad', 'IND', 'Karnataka', 648298),
(1063, 'Bareilly', 'IND', 'Uttar Pradesh', 587211),
(1092, 'Bhilai', 'IND', 'Chhatisgarh', 386159),
(1099, 'Jamnagar', 'IND', 'Gujarat', 341637),
(1119, 'Davangere', 'IND', 'Karnataka', 266082),
(1122, 'Bellary', 'IND', 'Karnataka', 245391),
(1126, 'Muzaffarpur', 'IND', 'Bihar', 241107),
(1155, 'Latur', 'IND', 'Maharashtra', 197408),
(1163, 'Bally', 'IND', 'West Bengali', 184474),
(1164, 'Bhilwara', 'IND', 'Rajasthan', 183965),
(1195, 'Arrah (Ara),', 'IND', 'Bihar', 157082),
(1201, 'Cuddalore', 'IND', 'Tamil Nadu', 153086),
(1203, 'Dhanbad', 'IND', 'Jharkhand', 151789),
(1222, 'Tenali', 'IND', 'Andhra Pradesh', 143726),
(1235, 'Tirunelveli', 'IND', 'Tamil Nadu', 135825),
(1256, 'Alandur', 'IND', 'Tamil Nadu', 125244),
(1279, 'Neyveli', 'IND', 'Tamil Nadu', 118080),
(1293, 'Pallavaram', 'IND', 'Tamil Nadu', 111866),
(1350, 'Dehri', 'IND', 'Bihar', 94526),
(1383, 'Tabriz', 'IRN', 'East Azerbaidzan', 1191043),
(1385, 'Karaj', 'IRN', 'Teheran', 940968),
(1508, 'Bolzano', 'ITA', 'Trentino-Alto Adige', 97232),
(1520, 'Cesena', 'ITA', 'Emilia-Romagna', 89852),
(1613, 'Neyagawa', 'JPN', 'Osaka', 257315),
(1630, 'Ageo', 'JPN', 'Saitama', 209442),
(1661, 'Sayama', 'JPN', 'Saitama', 162472),
(1681, 'Omuta', 'JPN', 'Fukuoka', 142889),
(1739, 'Tokuyama', 'JPN', 'Yamaguchi', 107078),
(1793, 'Novi Sad', 'YUG', 'Vojvodina', 179626),
(1857, 'Kelowna', 'CAN', 'British Colombia', 89442),
(1895, 'Harbin', 'CHN', 'Heilongjiang', 4289800),
(1900, 'Changchun', 'CHN', 'Jilin', 2812000),
(1913, 'Lanzhou', 'CHN', 'Gansu', 1565800),
(1947, 'Changzhou', 'CHN', 'Jiangsu', 530000),
(2070, 'Dezhou', 'CHN', 'Shandong', 195485),
(2081, 'Heze', 'CHN', 'Shandong', 189293),
(2111, 'Chenzhou', 'CHN', 'Hunan', 169400),
(2153, 'Xianning', 'CHN', 'Hubei', 136811),
(2192, 'Lhasa', 'CHN', 'Tibet', 120000),
(2193, 'Lianyuan', 'CHN', 'Hunan', 118858),
(2227, 'Xingcheng', 'CHN', 'Liaoning', 102384),
(2273, 'Villavicencio', 'COL', 'Meta', 273140),
(2384, 'Tong-yong', 'KOR', 'Kyongsangnam', 131717),
(2386, 'Yongju', 'KOR', 'Kyongsangbuk', 131097),
(2387, 'Chinhae', 'KOR', 'Kyongsangnam', 125997),
(2388, 'Sangju', 'KOR', 'Kyongsangbuk', 124116),
(2406, 'Herakleion', 'GRC', 'Crete', 116178),
(2440, 'Monrovia', 'LBR', 'Montserrado', 850000),
(2462, 'Lilongwe', 'MWI', 'Lilongwe', 435964),
(2505, 'Taza', 'MAR', 'Taza-Al Hoceima-Taou', 92700),
(2555, 'Xalapa', 'MEX', 'Veracruz', 390058),
(2602, 'Ocosingo', 'MEX', 'Chiapas', 171495),
(2609, 'Nogales', 'MEX', 'Sonora', 159103),
(2670, 'San Pedro Cholula', 'MEX', 'Puebla', 99734),
(2689, 'Palikir', 'FSM', 'Pohnpei', 8600),
(2706, 'Tete', 'MOZ', 'Tete', 101984),
(2716, 'Sittwe (Akyab),', 'MMR', 'Rakhine', 137600),
(2922, 'Carolina', 'PRI', 'Carolina', 186076),
(2967, 'Grudziadz', 'POL', 'Kujawsko-Pomorskie', 102434),
(2972, 'Malabo', 'GNQ', 'Bioko', 40000),
(3073, 'Essen', 'DEU', 'Nordrhein-Westfalen', 599515),
(3169, 'Apia', 'WSM', 'Upolu', 35900),
(3198, 'Dakar', 'SEN', 'Cap-Vert', 785071),
(3253, 'Hama', 'SYR', 'Hama', 343361),
(3288, 'Luchou', 'TWN', 'Taipei', 160516),
(3309, 'Tanga', 'TZA', 'Tanga', 137400),
(3353, 'Sousse', 'TUN', 'Sousse', 145900),
(3377, 'Kahramanmaras', 'TUR', 'Kahramanmaras', 245772),
(3430, 'Odesa', 'UKR', 'Odesa', 1011000),
(3581, 'St Petersburg', 'RUS', 'Pietari', 4694000),
(3770, 'Hanoi', 'VNM', 'Hanoi', 1410000),
(3815, 'El Paso', 'USA', 'Texas', 563662),
(3878, 'Scottsdale', 'USA', 'Arizona', 202705),
(3965, 'Corona', 'USA', 'California', 124966),
(3973, 'Concord', 'USA', 'California', 121780),
(3977, 'Cedar Rapids', 'USA', 'Iowa', 120758),
(3982, 'Coral Springs', 'USA', 'Florida', 117549),
(4054, 'Fairfield', 'USA', 'California', 92256),
(4058, 'Boulder', 'USA', 'Colorado', 91238),
(4061, 'Fall River', 'USA', 'Massachusetts', 90555);

-- --------------------------------------------------------

--
-- Estructura de tabla para la tabla `country`
--

CREATE TABLE `country` (
  `CODE` varchar(3) NOT NULL,
  `NAME` varchar(44) NOT NULL,
  `CONTINENT` varchar(13) NOT NULL,
  `REGION` varchar(25) NOT NULL,
  `SURFACEAREA` int(15) NOT NULL,
  `INDEPYEAR` varchar(5) NOT NULL,
  `POPULATION` int(15) NOT NULL,
  `LIFEEXPECTANCY` varchar(4) NOT NULL,
  `GNP` int(10) NOT NULL,
  `GNPOLD` varchar(9) NOT NULL,
  `LOCALNAME` varchar(44) NOT NULL,
  `GOVERNMENTFORM` varchar(44) NOT NULL,
  `HEADOFSTATE` varchar(32) NOT NULL,
  `CAPITAL` varchar(4) NOT NULL,
  `CODE2` varchar(2) NOT NULL
) ENGINE=InnoDB DEFAULT CHARSET=utf8mb4 COLLATE=utf8mb4_general_ci;

--
-- Volcado de datos para la tabla `country`
--

INSERT INTO `country` (`CODE`, `NAME`, `CONTINENT`, `REGION`, `SURFACEAREA`, `INDEPYEAR`, `POPULATION`, `LIFEEXPECTANCY`, `GNP`, `GNPOLD`, `LOCALNAME`, `GOVERNMENTFORM`, `HEADOFSTATE`, `CAPITAL`, `CODE2`) VALUES
('ABW', 'Aruba', 'North America', 'Caribbean', 193, '', 103000, '78.4', 828, '793.0', 'Aruba', 'Nonmetropolitan Territory of The Netherlands', 'Beatrix', '129', 'AW'),
('AFG', 'Afghanistan', 'Asia', 'Southern and Central Asia', 652090, '1919', 22720000, '45.9', 5976, '', 'Afganistan/Afqanestan', 'Islamic Emirate', 'Mohammad Omar', '1', 'AF'),
('AIA', 'Anguilla', 'North America', 'Caribbean', 96, '', 8000, '76.1', 63, '', 'Anguilla', 'Dependent Territory of the UK', 'Elisabeth II', '62', 'AI'),
('AND', 'Andorra', 'Europe', 'Southern Europe', 468, '1278', 78000, '83.5', 1630, '', 'Andorra', 'Parliamentary Coprincipality', '', '55', 'AD'),
('ANT', 'Netherlands Antilles', 'North America', 'Caribbean', 800, '', 217000, '74.7', 1941, '', 'Nederlandse Antillen', 'Nonmetropolitan Territory of The Netherlands', 'Beatrix', '33', 'AN'),
('ASM', 'American Samoa', 'Oceania', 'Polynesia', 199, '', 68000, '75.1', 334, '', 'Amerika Samoa', 'US Territory', 'George W. Bush', '54', 'AS'),
('ATG', 'Antigua and Barbuda', 'North America', 'Caribbean', 442, '1981', 68000, '70.5', 612, '584.0', 'Antigua and Barbuda', 'Constitutional Monarchy', 'Elisabeth II', '63', 'AG'),
('AUS', 'Australia', 'Oceania', 'Australia and New Zealand', 7741220, '1901', 18886000, '79.8', 351182, '392911.0', 'Australia', 'Constitutional Monarchy, Federation', 'Elisabeth II', '135', 'AU'),
('BDI', 'Burundi', 'Africa', 'Eastern Africa', 27834, '1962', 6695000, '46.2', 903, '982.0', 'Burundi/Uburundi', 'Republic', 'Pierre Buyoya', '552', 'BI'),
('BGD', 'Bangladesh', 'Asia', 'Southern and Central Asia', 143998, '1971', 129155000, '60.2', 32852, '31966.0', 'Bangladesh', 'Republic', 'Shahabuddin Ahmad', '150', 'BD'),
('BGR', 'Bulgaria', 'Europe', 'Eastern Europe', 110994, '1908', 8190900, '70.9', 12178, '10169.0', 'Balgarija', 'Republic', 'Petar Stojanov', '539', 'BG'),
('BHR', 'Bahrain', 'Asia', 'Middle East', 694, '1971', 617000, '73.0', 6366, '6097.0', 'Al-Bahrayn', 'Monarchy (Emirate)', 'Hamad ibn Isa al-Khalifa', '149', 'BH'),
('BHS', 'Bahamas', 'North America', 'Caribbean', 13878, '1973', 307000, '71.1', 3527, '3347.0', 'The Bahamas', 'Constitutional Monarchy', 'Elisabeth II', '148', 'BS'),
('BIH', 'Bosnia and Herzegovina', 'Europe', 'Southern Europe', 51197, '1992', 3972000, '71.5', 2841, '', 'Bosna i Hercegovina', 'Federal Republic', 'Ante Jelavic', '201', 'BA'),
('BLZ', 'Belize', 'North America', 'Central America', 22696, '1981', 241000, '70.9', 630, '616.0', 'Belize', 'Constitutional Monarchy', 'Elisabeth II', '185', 'BZ'),
('BMU', 'Bermuda', 'North America', 'North America', 53, '', 65000, '76.9', 2328, '2190.0', 'Bermuda', 'Dependent Territory of the UK', 'Elisabeth II', '191', 'BM'),
('BRA', 'Brazil', 'South America', 'South America', 8547403, '1822', 170115000, '62.9', 776739, '804108.0', 'Brasil', 'Federal Republic', 'Fernando Henrique Cardoso', '211', 'BR'),
('BRB', 'Barbados', 'North America', 'Caribbean', 430, '1966', 270000, '73.0', 2223, '2186.0', 'Barbados', 'Constitutional Monarchy', 'Elisabeth II', '174', 'BB'),
('BRN', 'Brunei', 'Asia', 'Southeast Asia', 5765, '1984', 328000, '73.6', 11705, '12460.0', 'Brunei Darussalam', 'Monarchy (Sultanate)', 'Haji Hassan al-Bolkiah', '538', 'BN'),
('BTN', 'Bhutan', 'Asia', 'Southern and Central Asia', 47000, '1910', 2124000, '52.4', 372, '383.0', 'Druk-Yul', 'Monarchy', 'Jigme Singye Wangchuk', '192', 'BT'),
('BWA', 'Botswana', 'Africa', 'Southern Africa', 581730, '1966', 1622000, '39.3', 4834, '4935.0', 'Botswana', 'Republic', 'Festus G. Mogae', '204', 'BW'),
('CAN', 'Canada', 'North America', 'North America', 9970610, '1867', 31147000, '79.4', 598862, '625626.0', 'Canada', 'Constitutional Monarchy, Federation', 'Elisabeth II', '1822', 'CA'),
('CCK', 'Cocos (Keeling), Islands', 'Oceania', 'Australia and New Zealand', 14, '', 600, '', 0, '', 'Cocos (Keeling) Islands', 'Territory of Australia', 'Elisabeth II', '2317', 'CC'),
('CHE', 'Switzerland', 'Europe', 'Western Europe', 41284, '1499', 7160400, '79.6', 264478, '256092.0', 'Schweiz/Suisse/Svizzera/Svizra', 'Federation', 'Adolf Ogi', '3248', 'CH'),
('CHL', 'Chile', 'South America', 'South America', 756626, '1810', 15211000, '75.7', 72949, '75780.0', 'Chile', 'Republic', 'Ricardo Lagos Escobar', '554', 'CL'),
('CMR', 'Cameroon', 'Africa', 'Central Africa', 475442, '1960', 15085000, '54.8', 9174, '8596.0', 'Cameroun/Cameroon', 'Republic', 'Paul Biya', '1804', 'CM'),
('COG', 'Congo', 'Africa', 'Central Africa', 342000, '1960', 2943000, '47.4', 2108, '2287.0', 'Congo', 'Republic', 'Denis Sassou-Nguesso', '2296', 'CG'),
('COK', 'Cook Islands', 'Oceania', 'Polynesia', 236, '', 20000, '71.1', 100, '', 'The Cook Islands', 'Nonmetropolitan Territory of New Zealand', 'Elisabeth II', '583', 'CK'),
('COM', 'Comoros', 'Africa', 'Eastern Africa', 1862, '1975', 578000, '60.0', 4401, '4361.0', 'Komori/Comores', 'Republic', 'Azali Assoumani', '2295', 'KM'),
('CUB', 'Cuba', 'North America', 'Caribbean', 110861, '1902', 11201000, '76.2', 17843, '18862.0', 'Cuba', 'Socialistic Republic', 'Fidel Castro Ruz', '2413', 'CU'),
('CXR', 'Christmas Island', 'Oceania', 'Australia and New Zealand', 135, '', 2500, '', 0, '', 'Christmas Island', 'Territory of Australia', 'Elisabeth II', '1791', 'CX'),
('CYM', 'Cayman Islands', 'North America', 'Caribbean', 264, '', 38000, '78.9', 1263, '1186.0', 'Cayman Islands', 'Dependent Territory of the UK', 'Elisabeth II', '553', 'KY'),
('DEU', 'Germany', 'Europe', 'Western Europe', 357022, '1955', 82164700, '77.4', 2133367, '2102826.0', 'Deutschland', 'Federal Republic', 'Johannes Rau', '3068', 'DE'),
('DJI', 'Djibouti', 'Africa', 'Eastern Africa', 23200, '1977', 638000, '50.8', 382, '373.0', 'Djibouti/Jibuti', 'Republic', 'Ismail Omar Guelleh', '585', 'DJ'),
('DMA', 'Dominica', 'North America', 'Caribbean', 751, '1978', 71000, '73.4', 256, '243.0', 'Dominica', 'Republic', 'Vernon Shaw', '586', 'DM'),
('DNK', 'Denmark', 'Europe', 'Nordic Countries', 43094, '800', 5330000, '76.5', 174099, '169264.0', 'Danmark', 'Constitutional Monarchy', 'Margrethe II', '3315', 'DK'),
('ECU', 'Ecuador', 'South America', 'South America', 283561, '1822', 12646000, '71.1', 19770, '19769.0', 'Ecuador', 'Republic', 'Gustavo Noboa Bejarano', '594', 'EC'),
('EGY', 'Egypt', 'Africa', 'Northern Africa', 1001449, '1922', 68470000, '63.3', 82710, '75617.0', 'Misr', 'Republic', 'Hosni Mubarak', '608', 'EG'),
('ERI', 'Eritrea', 'Africa', 'Eastern Africa', 117600, '1993', 3850000, '55.8', 650, '755.0', 'Ertra', 'Republic', 'Isayas Afewerki [Isaias Afwerki]', '652', 'ER'),
('ESH', 'Western Sahara', 'Africa', 'Northern Africa', 266000, '', 293000, '49.8', 60, '', 'As-Sahrawiya', 'Occupied by Marocco', 'Mohammed Abdel Aziz', '2453', 'EH'),
('EST', 'Estonia', 'Europe', 'Baltic Countries', 45227, '1991', 1439200, '69.5', 5328, '3371.0', 'Eesti', 'Republic', 'Lennart Meri', '3791', 'EE'),
('FIN', 'Finland', 'Europe', 'Nordic Countries', 338145, '1917', 5171300, '77.4', 121914, '119833.0', 'Suomi', 'Republic', 'Tarja Halonen', '3236', 'FI'),
('FJI', 'Fiji Islands', 'Oceania', 'Melanesia', 18274, '1970', 817000, '67.9', 1536, '2149.0', 'Fiji Islands', 'Republic', 'Josefa Iloilo', '764', 'FJ'),
('FLK', 'Falkland Islands', 'South America', 'South America', 12173, '', 2000, '', 0, '', 'Falkland Islands', 'Dependent Territory of the UK', 'Elisabeth II', '763', 'FK'),
('FRA', 'France', 'Europe', 'Western Europe', 551500, '843', 59225700, '78.8', 1424285, '1392448.0', 'France', 'Republic', 'Jacques Chirac', '2974', 'FR'),
('FSM', 'Micronesia, Federated States of', 'Oceania', 'Micronesia', 702, '1990', 119000, '68.6', 212, '', 'Micronesia', 'Federal Republic', 'Leo A. Falcam', '2689', 'FM'),
('GAB', 'Gabon', 'Africa', 'Central Africa', 267668, '1960', 1226000, '50.1', 5493, '5279.0', 'Le Gabon', 'Republic', 'Omar Bongo', '902', 'GA'),
('GBR', 'United Kingdom', 'Europe', 'British Islands', 242900, '1066', 59623400, '77.7', 1378330, '1296830.0', 'United Kingdom', 'Constitutional Monarchy', 'Elisabeth II', '456', 'GB'),
('GHA', 'Ghana', 'Africa', 'Western Africa', 238533, '1957', 20212000, '57.4', 7137, '6884.0', 'Ghana', 'Republic', 'John Kufuor', '910', 'GH'),
('GIB', 'Gibraltar', 'Europe', 'Southern Europe', 6, '', 25000, '79.0', 258, '', 'Gibraltar', 'Dependent Territory of the UK', 'Elisabeth II', '915', 'GI'),
('GLP', 'Guadeloupe', 'North America', 'Caribbean', 1705, '', 456000, '77.0', 3501, '', 'Guadeloupe', 'Overseas Department of France', 'Jacques Chirac', '919', 'GP'),
('GMB', 'Gambia', 'Africa', 'Western Africa', 11295, '1965', 1305000, '53.2', 320, '325.0', 'The Gambia', 'Republic', 'Yahya Jammeh', '904', 'GM'),
('GNQ', 'Equatorial Guinea', 'Africa', 'Central Africa', 28051, '1968', 453000, '53.6', 283, '542.0', 'Guinea Ecuatorial', 'Republic', 'Teodoro Obiang Nguema Mbasogo', '2972', 'GQ'),
('GRD', 'Grenada', 'North America', 'Caribbean', 344, '1974', 94000, '64.5', 318, '', 'Grenada', 'Constitutional Monarchy', 'Elisabeth II', '916', 'GD'),
('GTM', 'Guatemala', 'North America', 'Central America', 108889, '1821', 11385000, '66.2', 19008, '17797.0', 'Guatemala', 'Republic', 'Alfonso Portillo Cabrera', '922', 'GT'),
('GUM', 'Guam', 'Oceania', 'Micronesia', 549, '', 168000, '77.8', 1197, '1136.0', 'Guam', 'US Territory', 'George W. Bush', '921', 'GU'),
('GUY', 'Guyana', 'South America', 'South America', 214969, '1966', 861000, '64.0', 722, '743.0', 'Guyana', 'Republic', 'Bharrat Jagdeo', '928', 'GY'),
('HKG', 'Hong Kong', 'Asia', 'Eastern Asia', 1075, '', 6782000, '79.5', 166448, '173610.0', 'Xianggang/Hong Kong', 'Special Administrative Region of China', 'Jiang Zemin', '937', 'HK'),
('HMD', 'Heard Island and McDonald Islands', 'Antarctica', 'Antarctica', 359, '', 0, '', 0, '', 'Heard and McDonald Islands', 'Territory of Australia', 'Elisabeth II', '', 'HM'),
('IDN', 'Indonesia', 'Asia', 'Southeast Asia', 1904569, '1945', 212107000, '68.0', 84982, '215002.0', 'Indonesia', 'Republic', 'Abdurrahman Wahid', '939', 'ID'),
('IND', 'India', 'Asia', 'Southern and Central Asia', 3287263, '1947', 1013662000, '62.5', 447114, '430572.0', 'Bharat/India', 'Federal Republic', 'Kocheril Raman Narayanan', '1109', 'IN'),
('IOT', 'British Indian Ocean Territory', 'Africa', 'Eastern Africa', 78, '', 0, '', 0, '', 'British Indian Ocean Territory', 'Dependent Territory of the UK', 'Elisabeth II', '', 'IO'),
('IRN', 'Iran', 'Asia', 'Southern and Central Asia', 1648195, '1906', 67702000, '69.7', 195746, '160151.0', 'Iran', 'Islamic Republic', 'Ali Mohammad Khatami-Ardakani', '1380', 'IR'),
('ITA', 'Italy', 'Europe', 'Southern Europe', 301316, '1861', 57680000, '79.0', 1161755, '1145372.0', 'Italia', 'Republic', 'Carlo Azeglio Ciampi', '1464', 'IT'),
('JAM', 'Jamaica', 'North America', 'Caribbean', 10990, '1962', 2583000, '75.2', 6871, '6722.0', 'Jamaica', 'Constitutional Monarchy', 'Elisabeth II', '1530', 'JM'),
('JOR', 'Jordan', 'Asia', 'Middle East', 88946, '1946', 5083000, '77.4', 7526, '7051.0', 'Al-Urdunn', 'Constitutional Monarchy', 'Abdullah II', '1786', 'JO'),
('JPN', 'Japan', 'Asia', 'Eastern Asia', 377829, '-660', 126714000, '80.7', 3787042, '4192638.0', 'Nihon/Nippon', 'Constitutional Monarchy', 'Akihito', '1532', 'JP'),
('KAZ', 'Kazakstan', 'Asia', 'Southern and Central Asia', 2724900, '1991', 16223000, '63.2', 24375, '23383.0', 'Qazaqstan', 'Republic', 'Nursultan Nazarbajev', '1864', 'KZ'),
('KEN', 'Kenya', 'Africa', 'Eastern Africa', 580367, '1963', 30080000, '48.0', 9217, '10241.0', 'Kenya', 'Republic', 'Daniel arap Moi', '1881', 'KE'),
('KGZ', 'Kyrgyzstan', 'Asia', 'Southern and Central Asia', 199900, '1991', 4699000, '63.4', 1626, '1767.0', 'Kyrgyzstan', 'Republic', 'Askar Akajev', '2253', 'KG'),
('KIR', 'Kiribati', 'Oceania', 'Micronesia', 726, '1979', 83000, '59.8', 41, '', 'Kiribati', 'Republic', 'Teburoro Tito', '2256', 'KI'),
('KNA', 'Saint Kitts and Nevis', 'North America', 'Caribbean', 261, '1983', 38000, '70.7', 299, '', 'Saint Kitts and Nevis', 'Constitutional Monarchy', 'Elisabeth II', '3064', 'KN'),
('KWT', 'Kuwait', 'Asia', 'Middle East', 17818, '1961', 1972000, '76.1', 27037, '30373.0', 'Al-Kuwayt', 'Constitutional Monarchy (Emirate),', 'Jabir al-Ahmad al-Jabir al-Sabah', '2429', 'KW'),
('LAO', 'Laos', 'Asia', 'Southeast Asia', 236800, '1953', 5433000, '53.1', 1292, '1746.0', 'Lao', 'Republic', 'Khamtay Siphandone', '2432', 'LA'),
('LBR', 'Liberia', 'Africa', 'Western Africa', 111369, '1847', 3154000, '51.0', 2012, '', 'Liberia', 'Republic', 'Charles Taylor', '2440', 'LR'),
('LBY', 'Libyan Arab Jamahiriya', 'Africa', 'Northern Africa', 1759540, '1951', 5605000, '75.5', 44806, '40562.0', 'Libiya', 'Socialistic State', 'Muammar al-Qadhafi', '2441', 'LY'),
('LCA', 'Saint Lucia', 'North America', 'Caribbean', 622, '1979', 154000, '72.3', 571, '', 'Saint Lucia', 'Constitutional Monarchy', 'Elisabeth II', '3065', 'LC'),
('LIE', 'Liechtenstein', 'Europe', 'Western Europe', 160, '1806', 32300, '78.8', 1119, '1084.0', 'Liechtenstein', 'Constitutional Monarchy', 'Hans-Adam II', '2446', 'LI'),
('LKA', 'Sri Lanka', 'Asia', 'Southern and Central Asia', 65610, '1948', 18827000, '71.8', 15706, '15091.0', 'Sri Lanka/Ilankai', 'Republic', 'Chandrika Kumaratunga', '3217', 'LK'),
('LSO', 'Lesotho', 'Africa', 'Southern Africa', 30355, '1966', 2153000, '50.8', 1061, '1161.0', 'Lesotho', 'Constitutional Monarchy', 'Letsie III', '2437', 'LS'),
('LTU', 'Lithuania', 'Europe', 'Baltic Countries', 65301, '1991', 3698500, '69.1', 10692, '9585.0', 'Lietuva', 'Republic', 'Valdas Adamkus', '2447', 'LT'),
('LVA', 'Latvia', 'Europe', 'Baltic Countries', 64589, '1991', 2424200, '68.4', 6398, '5639.0', 'Latvija', 'Republic', 'Vaira Vike-Freiberga', '2434', 'LV'),
('MAC', 'Macao', 'Asia', 'Eastern Asia', 18, '', 473000, '81.6', 5749, '5940.0', 'Macau/Aomen', 'Special Administrative Region of China', 'Jiang Zemin', '2454', 'MO'),
('MAR', 'Morocco', 'Africa', 'Northern Africa', 446550, '1956', 28351000, '69.1', 36124, '33514.0', 'Al-Maghrib', 'Constitutional Monarchy', 'Mohammed VI', '2486', 'MA'),
('MCO', 'Monaco', 'Europe', 'Western Europe', 2, '1861', 34000, '78.8', 776, '', 'Monaco', 'Constitutional Monarchy', 'Rainier III', '2695', 'MC'),
('MDA', 'Moldova', 'Europe', 'Eastern Europe', 33851, '1991', 4380000, '64.5', 1579, '1872.0', 'Moldova', 'Republic', 'Vladimir Voronin', '2690', 'MD'),
('MDG', 'Madagascar', 'Africa', 'Eastern Africa', 587041, '1960', 15942000, '55.0', 3750, '3545.0', 'Madagasikara/Madagascar', 'Federal Republic', 'Didier Ratsiraka', '2455', 'MG'),
('MDV', 'Maldives', 'Asia', 'Southern and Central Asia', 298, '1965', 286000, '62.2', 199, '', 'Dhivehi Raajje/Maldives', 'Republic', 'Maumoon Abdul Gayoom', '2463', 'MV'),
('MHL', 'Marshall Islands', 'Oceania', 'Micronesia', 181, '1990', 64000, '65.5', 97, '', 'Marshall Islands/Majol', 'Republic', 'Kessai Note', '2507', 'MH'),
('MKD', 'Macedonia', 'Europe', 'Southern Europe', 25713, '1991', 2024000, '73.8', 1694, '1915.0', 'Makedonija', 'Republic', 'Boris Trajkovski', '2460', 'MK'),
('MLT', 'Malta', 'Europe', 'Southern Europe', 316, '1964', 380200, '77.9', 3512, '3338.0', 'Malta', 'Republic', 'Guido de Marco', '2484', 'MT'),
('MMR', 'Myanmar', 'Asia', 'Southeast Asia', 676578, '1948', 45611000, '54.9', 180375, '171028.0', 'Myanma Pye', 'Republic', 'kenraali Than Shwe', '2710', 'MM'),
('MNG', 'Mongolia', 'Asia', 'Eastern Asia', 1566500, '1921', 2662000, '67.3', 1043, '933.0', 'Mongol Uls', 'Republic', 'Natsagiin Bagabandi', '2696', 'MN'),
('MNP', 'Northern Mariana Islands', 'Oceania', 'Micronesia', 464, '', 78000, '75.5', 0, '', 'Northern Mariana Islands', 'Commonwealth of the US', 'George W. Bush', '2913', 'MP'),
('MSR', 'Montserrat', 'North America', 'Caribbean', 102, '', 11000, '78.0', 109, '', 'Montserrat', 'Dependent Territory of the UK', 'Elisabeth II', '2697', 'MS'),
('MTQ', 'Martinique', 'North America', 'Caribbean', 1102, '', 395000, '78.3', 2731, '2559.0', 'Martinique', 'Overseas Department of France', 'Jacques Chirac', '2508', 'MQ'),
('MUS', 'Mauritius', 'Africa', 'Eastern Africa', 2040, '1968', 1158000, '71.0', 4251, '4186.0', 'Mauritius', 'Republic', 'Cassam Uteem', '2511', 'MU'),
('MWI', 'Malawi', 'Africa', 'Eastern Africa', 118484, '1964', 10925000, '37.6', 1687, '2527.0', 'Malawi', 'Republic', 'Bakili Muluzi', '2462', 'MW'),
('MYS', 'Malaysia', 'Asia', 'Southeast Asia', 329758, '1957', 22244000, '70.8', 69213, '97884.0', 'Malaysia', 'Constitutional Monarchy, Federation', 'Salahuddin Abdul Aziz Shah Alhaj', '2464', 'MY'),
('MYT', 'Mayotte', 'Africa', 'Eastern Africa', 373, '', 149000, '59.5', 0, '', 'Mayotte', 'Territorial Collectivity of France', 'Jacques Chirac', '2514', 'YT'),
('NAM', 'Namibia', 'Africa', 'Southern Africa', 824292, '1990', 1726000, '42.5', 3101, '3384.0', 'Namibia', 'Republic', 'Sam Nujoma', '2726', 'NA'),
('NER', 'Niger', 'Africa', 'Western Africa', 1267000, '1960', 10730000, '41.3', 1706, '1580.0', 'Niger', 'Republic', 'Mamadou Tandja', '2738', 'NE'),
('NFK', 'Norfolk Island', 'Oceania', 'Australia and New Zealand', 36, '', 2000, '', 0, '', 'Norfolk Island', 'Territory of Australia', 'Elisabeth II', '2806', 'NF'),
('NGA', 'Nigeria', 'Africa', 'Western Africa', 923768, '1960', 111506000, '51.6', 65707, '58623.0', 'Nigeria', 'Federal Republic', 'Olusegun Obasanjo', '2754', 'NG'),
('NIU', 'Niue', 'Oceania', 'Polynesia', 260, '', 2000, '', 0, '', 'Niue', 'Nonmetropolitan Territory of New Zealand', 'Elisabeth II', '2805', 'NU'),
('NLD', 'Netherlands', 'Europe', 'Western Europe', 41526, '1581', 15864000, '78.3', 371362, '360478.0', 'Nederland', 'Constitutional Monarchy', 'Beatrix', '5', 'NL'),
('NOR', 'Norway', 'Europe', 'Nordic Countries', 323877, '1905', 4478500, '78.7', 145895, '153370.0', 'Norge', 'Constitutional Monarchy', 'Harald V', '2807', 'NO'),
('NPL', 'Nepal', 'Asia', 'Southern and Central Asia', 147181, '1769', 23930000, '57.8', 4768, '4837.0', 'Nepal', 'Constitutional Monarchy', 'Gyanendra Bir Bikram', '2729', 'NP'),
('NRU', 'Nauru', 'Oceania', 'Micronesia', 21, '1968', 12000, '60.8', 197, '', 'Naoero/Nauru', 'Republic', 'Bernard Dowiyogo', '2728', 'NR'),
('NZL', 'New Zealand', 'Oceania', 'Australia and New Zealand', 270534, '1907', 3862000, '77.8', 54669, '64960.0', 'New Zealand/Aotearoa', 'Constitutional Monarchy', 'Elisabeth II', '3499', 'NZ'),
('PAK', 'Pakistan', 'Asia', 'Southern and Central Asia', 796095, '1947', 156483000, '61.1', 61289, '58549.0', 'Pakistan', 'Republic', 'Mohammad Rafiq Tarar', '2831', 'PK'),
('PCN', 'Pitcairn', 'Oceania', 'Polynesia', 49, '', 50, '', 0, '', 'Pitcairn', 'Dependent Territory of the UK', 'Elisabeth II', '2912', 'PN'),
('PHL', 'Philippines', 'Asia', 'Southeast Asia', 300000, '1946', 75967000, '67.5', 65107, '82239.0', 'Pilipinas', 'Republic', 'Gloria Macapagal-Arroyo', '766', 'PH'),
('PLW', 'Palau', 'Oceania', 'Micronesia', 459, '1994', 19000, '68.6', 105, '', 'Belau/Palau', 'Republic', 'Kuniwo Nakamura', '2881', 'PW'),
('PNG', 'Papua New Guinea', 'Oceania', 'Melanesia', 462840, '1975', 4807000, '63.1', 4988, '6328.0', 'Papua New Guinea/Papua Niugini', 'Constitutional Monarchy', 'Elisabeth II', '2884', 'PG'),
('POL', 'Poland', 'Europe', 'Eastern Europe', 323250, '1918', 38653600, '73.2', 151697, '135636.0', 'Polska', 'Republic', 'Aleksander Kwasniewski', '2928', 'PL'),
('PRI', 'Puerto Rico', 'North America', 'Caribbean', 8875, '', 3869000, '75.6', 34100, '32100.0', 'Puerto Rico', 'Commonwealth of the US', 'George W. Bush', '2919', 'PR'),
('PSE', 'Palestine', 'Asia', 'Middle East', 6257, '', 3101000, '71.4', 4173, '', 'Filastin', 'Autonomous Area', 'Yasser (Yasir), Arafat', '4074', 'PS'),
('QAT', 'Qatar', 'Asia', 'Middle East', 11000, '1971', 599000, '72.4', 9472, '8920.0', 'Qatar', 'Monarchy', 'Hamad ibn Khalifa al-Thani', '2973', 'QA'),
('RUS', 'Russian Federation', 'Europe', 'Eastern Europe', 17075400, '1991', 146934000, '67.2', 276608, '442989.0', 'Rossija', 'Federal Republic', 'Vladimir Putin', '3580', 'RU'),
('RWA', 'Rwanda', 'Africa', 'Eastern Africa', 26338, '1962', 7733000, '39.3', 2036, '1863.0', 'Rwanda/Urwanda', 'Republic', 'Paul Kagame', '3047', 'RW'),
('SDN', 'Sudan', 'Africa', 'Northern Africa', 2505813, '1956', 29490000, '56.6', 10162, '', 'As-Sudan', 'Islamic Republic', 'Omar Hassan Ahmad al-Bashir', '3225', 'SD'),
('SGP', 'Singapore', 'Asia', 'Southeast Asia', 618, '1965', 3567000, '80.1', 86503, '96318.0', 'Singapore/Singapura/Xinjiapo/Singapur', 'Republic', 'Sellapan Rama Nathan', '3208', 'SG'),
('SGS', 'South Georgia and the South Sandwich Islands', 'Antarctica', 'Antarctica', 3903, '', 0, '', 0, '', 'South Georgia and the South Sandwich Islands', 'Dependent Territory of the UK', 'Elisabeth II', '', 'GS'),
('SHN', 'Saint Helena', 'Africa', 'Western Africa', 314, '', 6000, '76.8', 0, '', 'Saint Helena', 'Dependent Territory of the UK', 'Elisabeth II', '3063', 'SH'),
('SJM', 'Svalbard and Jan Mayen', 'Europe', 'Nordic Countries', 62422, '', 3200, '', 0, '', 'Svalbard og Jan Mayen', 'Dependent Territory of Norway', 'Harald V', '938', 'SJ'),
('SLB', 'Solomon Islands', 'Oceania', 'Melanesia', 28896, '1978', 444000, '71.3', 182, '220.0', 'Solomon Islands', 'Constitutional Monarchy', 'Elisabeth II', '3161', 'SB'),
('SLE', 'Sierra Leone', 'Africa', 'Western Africa', 71740, '1961', 4854000, '45.3', 746, '858.0', 'Sierra Leone', 'Republic', 'Ahmed Tejan Kabbah', '3207', 'SL'),
('SMR', 'San Marino', 'Europe', 'Southern Europe', 61, '885', 27000, '81.1', 510, '', 'San Marino', 'Republic', '', '3171', 'SM'),
('SOM', 'Somalia', 'Africa', 'Eastern Africa', 637657, '1960', 10097000, '46.2', 935, '', 'Soomaaliya', 'Republic', 'Abdiqassim Salad Hassan', '3214', 'SO'),
('SPM', 'Saint Pierre and Miquelon', 'North America', 'North America', 242, '', 7000, '77.6', 0, '', 'Saint-Pierre-et-Miquelon', 'Territorial Collectivity of France', 'Jacques Chirac', '3067', 'PM'),
('SUR', 'Suriname', 'South America', 'South America', 163265, '1975', 417000, '71.4', 870, '706.0', 'Suriname', 'Republic', 'Ronald Venetiaan', '3243', 'SR'),
('SVK', 'Slovakia', 'Europe', 'Eastern Europe', 49012, '1993', 5398700, '73.7', 20594, '19452.0', 'Slovensko', 'Republic', 'Rudolf Schuster', '3209', 'SK'),
('SVN', 'Slovenia', 'Europe', 'Southern Europe', 20256, '1991', 1987800, '74.9', 19756, '18202.0', 'Slovenija', 'Republic', 'Milan Kucan', '3212', 'SI'),
('SWE', 'Sweden', 'Europe', 'Nordic Countries', 449964, '836', 8861400, '79.6', 226492, '227757.0', 'Sverige', 'Constitutional Monarchy', 'Carl XVI Gustaf', '3048', 'SE'),
('SWZ', 'Swaziland', 'Africa', 'Southern Africa', 17364, '1968', 1008000, '40.4', 1206, '1312.0', 'kaNgwane', 'Monarchy', 'Mswati III', '3244', 'SZ'),
('SYR', 'Syria', 'Asia', 'Middle East', 185180, '1941', 16125000, '68.5', 65984, '64926.0', 'Suriya', 'Republic', 'Bashar al-Assad', '3250', 'SY'),
('TCA', 'Turks and Caicos Islands', 'North America', 'Caribbean', 430, '', 17000, '73.3', 96, '', 'The Turks and Caicos Islands', 'Dependent Territory of the UK', 'Elisabeth II', '3423', 'TC'),
('THA', 'Thailand', 'Asia', 'Southeast Asia', 513115, '1350', 61399000, '68.6', 116416, '153907.0', 'Prathet Thai', 'Constitutional Monarchy', 'Bhumibol Adulyadej', '3320', 'TH'),
('TKL', 'Tokelau', 'Oceania', 'Polynesia', 12, '', 2000, '', 0, '', 'Tokelau', 'Nonmetropolitan Territory of New Zealand', 'Elisabeth II', '3333', 'TK'),
('TTO', 'Trinidad and Tobago', 'North America', 'Caribbean', 5130, '1962', 1295000, '68.0', 6232, '5867.0', 'Trinidad and Tobago', 'Republic', 'Arthur N. R. Robinson', '3336', 'TT'),
('TUN', 'Tunisia', 'Africa', 'Northern Africa', 163610, '1956', 9586000, '73.7', 20026, '18898.0', 'Tunis/Tunisie', 'Republic', 'Zine al-Abidine Ben Ali', '3349', 'TN'),
('TUV', 'Tuvalu', 'Oceania', 'Polynesia', 26, '1978', 12000, '66.3', 6, '', 'Tuvalu', 'Constitutional Monarchy', 'Elisabeth II', '3424', 'TV'),
('TZA', 'Tanzania', 'Africa', 'Eastern Africa', 883749, '1961', 33517000, '52.3', 8005, '7388.0', 'Tanzania', 'Republic', 'Benjamin William Mkapa', '3306', 'TZ'),
('UGA', 'Uganda', 'Africa', 'Eastern Africa', 241038, '1962', 21778000, '42.9', 6313, '6887.0', 'Uganda', 'Republic', 'Yoweri Museveni', '3425', 'UG'),
('UMI', 'United States Minor Outlying Islands', 'Oceania', 'Micronesia/Caribbean', 16, '', 0, '', 0, '', 'United States Minor Outlying Islands', 'Dependent Territory of the US', 'George W. Bush', '', 'UM'),
('USA', 'United States', 'North America', 'North America', 9363520, '1776', 278357000, '77.1', 8510700, '8110900.0', 'United States', 'Federal Republic', 'George W. Bush', '3813', 'US'),
('UZB', 'Uzbekistan', 'Asia', 'Southern and Central Asia', 447400, '1991', 24318000, '63.7', 14194, '21300.0', 'Uzbekiston', 'Republic', 'Islam Karimov', '3503', 'UZ'),
('VCT', 'Saint Vincent and the Grenadines', 'North America', 'Caribbean', 388, '1979', 114000, '72.3', 285, '', 'Saint Vincent and the Grenadines', 'Constitutional Monarchy', 'Elisabeth II', '3066', 'VC'),
('VGB', 'Virgin Islands, British', 'North America', 'Caribbean', 151, '', 21000, '75.4', 612, '573.0', 'British Virgin Islands', 'Dependent Territory of the UK', 'Elisabeth II', '537', 'VG'),
('VIR', 'Virgin Islands, U.S.', 'North America', 'Caribbean', 347, '', 93000, '78.1', 0, '', 'Virgin Islands of the United States', 'US Territory', 'George W. Bush', '4067', 'VI'),
('VUT', 'Vanuatu', 'Oceania', 'Melanesia', 12189, '1980', 190000, '60.6', 261, '246.0', 'Vanuatu', 'Republic', 'John Bani', '3537', 'VU'),
('WLF', 'Wallis and Futuna', 'Oceania', 'Polynesia', 200, '', 15000, '', 0, '', 'Wallis-et-Futuna', 'Nonmetropolitan Territory of France', 'Jacques Chirac', '3536', 'WF'),
('WSM', 'Samoa', 'Oceania', 'Polynesia', 2831, '1962', 180000, '69.2', 141, '157.0', 'Samoa', 'Parlementary Monarchy', 'Malietoa Tanumafili II', '3169', 'WS'),
('YEM', 'Yemen', 'Asia', 'Middle East', 527968, '1918', 18112000, '59.8', 6041, '5729.0', 'Al-Yaman', 'Republic', 'Ali Abdallah Salih', '1780', 'YE'),
('ZAF', 'South Africa', 'Africa', 'Southern Africa', 1221037, '1910', 40377000, '51.1', 116729, '129092.0', 'South Africa', 'Republic', 'Thabo Mbeki', '716', 'ZA'),
('ZMB', 'Zambia', 'Africa', 'Eastern Africa', 752618, '1964', 9169000, '37.2', 3377, '3922.0', 'Zambia', 'Republic', 'Frederick Chiluba', '3162', 'ZM'),
('ZWE', 'Zimbabwe', 'Africa', 'Eastern Africa', 390757, '1980', 11669000, '37.8', 5951, '8670.0', 'Zimbabwe', 'Republic', 'Robert G. Mugabe', '4068', 'ZW');

-- --------------------------------------------------------

--
-- Estructura de tabla para la tabla `employee`
--

CREATE TABLE `employee` (
  `employee_id` int(6) NOT NULL,
  `name` varchar(20) NOT NULL,
  `months` int(3) NOT NULL,
  `salary` int(10) NOT NULL
) ENGINE=InnoDB DEFAULT CHARSET=utf8mb4 COLLATE=utf8mb4_general_ci;

--
-- Volcado de datos para la tabla `employee`
--

INSERT INTO `employee` (`employee_id`, `name`, `months`, `salary`) VALUES
(330, 'Rose', 5, 2248),
(1233, 'Angela', 7, 1296),
(1901, 'Frank', 10, 2763),
(2035, 'Patrick', 1, 4583),
(2405, 'Lisa', 7, 4350),
(2974, 'Kimberly', 11, 2874),
(3190, 'Bonnie', 11, 3758),
(3506, 'Michael', 9, 1936),
(3708, 'Todd', 22, 4046),
(4428, 'Joe', 22, 3802),
(5962, 'Earl', 11, 2958),
(6060, 'Robert', 22, 4128),
(6418, 'Amy', 2, 4832),
(7466, 'Pamela', 1, 4199),
(9102, 'Maria', 11, 2958),
(11863, 'Joe', 18, 1721),
(12004, 'Linda', 15, 2306),
(12387, 'Melissa', 20, 1854),
(13835, 'Carol', 20, 4340),
(15151, 'Paula', 15, 1526),
(15286, 'Marilyn', 10, 3087),
(15675, 'Jennifer', 2, 2336),
(16493, 'Harry', 14, 4755),
(17858, 'David', 13, 3658),
(19035, 'Julia', 4, 2195),
(19172, 'Kevin', 1, 2113),
(21638, 'Paul', 6, 3120),
(22684, 'James', 14, 1370),
(23621, 'Kelly', 7, 1923),
(24011, 'Robin', 22, 1880),
(24611, 'Ralph', 22, 1495),
(25109, 'Gloria', 2, 1979),
(25120, 'Victor', 20, 1557),
(28247, 'David', 23, 2212),
(30183, 'Joyce', 20, 2748),
(30712, 'Donna', 8, 2604),
(32502, 'Michelle', 1, 2086),
(32654, 'Stephanie', 17, 1444),
(33086, 'Gerald', 23, 2206),
(33132, 'Walter', 11, 4180),
(37008, 'Christina', 8, 3100),
(38246, 'Brandon', 3, 4339),
(38272, 'Elizabeth', 23, 3967),
(38964, 'Joseph', 4, 2194),
(39789, 'Lawrence', 9, 1872),
(40797, 'Marilyn', 15, 2112),
(41228, 'Lori', 13, 4350),
(44436, 'Matthew', 15, 4673),
(45285, 'Jesse', 1, 3768),
(47458, 'John', 13, 3104),
(47496, 'Martha', 15, 4020),
(47920, 'Timothy', 10, 1745),
(48129, 'Christine', 22, 3738),
(50664, 'Anthony', 22, 4912),
(51741, 'Paula', 1, 2492),
(52923, 'Kimberly', 17, 1955),
(55238, 'Louise', 1, 2717),
(56775, 'Martin', 16, 1385),
(57065, 'Paul', 23, 3379),
(58343, 'Antonio', 21, 3268),
(59256, 'Jacqueline', 14, 3913),
(60119, 'Diana', 13, 5149),
(61191, 'John', 5, 1775),
(65288, 'Dorothy', 22, 3792),
(65375, 'Evelyn', 6, 4079),
(66442, 'Phillip', 9, 1894),
(67137, 'Evelyn', 15, 1311),
(68942, 'Debra', 20, 3704),
(69085, 'David', 11, 1845),
(69234, 'Willie', 12, 5088),
(69475, 'Brandon', 19, 2279),
(69787, 'Ann', 9, 1311),
(70963, 'Emily', 8, 5247),
(71569, 'Dorothy', 22, 4088),
(72030, 'Jonathan', 4, 5009),
(72370, 'Dorothy', 18, 3174),
(72785, 'Marilyn', 1, 1860),
(72974, 'Norma', 21, 1558),
(74662, 'Nancy', 6, 3223),
(76876, 'Andrew', 11, 1746),
(77609, 'Keith', 2, 1219),
(78101, 'Benjamin', 7, 4414),
(79744, 'Charles', 11, 1911),
(80475, 'Alan', 16, 1853),
(80895, 'Tammy', 8, 1591),
(81381, 'Anna', 16, 1569),
(82828, 'James', 23, 4398),
(85287, 'Robin', 23, 2078),
(87170, 'Jean', 18, 3895),
(87355, 'Andrew', 15, 1446),
(89017, 'Roy', 8, 3443),
(90507, 'Diana', 9, 5101),
(90558, 'Christina', 23, 3498),
(92908, 'Jesse', 13, 4753),
(95322, 'Joyce', 18, 1577),
(95983, 'Patricia', 23, 1469),
(96963, 'Gregory', 16, 5071),
(97178, 'Brian', 19, 3144),
(98271, 'Christine', 3, 3796),
(98491, 'Lillian', 3, 1920),
(98493, 'Nancy', 22, 4912),
(98495, 'Patricia', 22, 4912),
(98497, 'Angela', 22, 4912),
(98499, 'Gregory', 22, 4912),
(99491, 'Lillian', 22, 4912),
(99493, 'Evelyn', 22, 4912);

-- --------------------------------------------------------

--
-- Estructura de tabla para la tabla `employees`
--

CREATE TABLE `employees` (
  `ID` int(2) NOT NULL,
  `Name` varchar(20) NOT NULL,
  `Salary` int(6) NOT NULL
) ENGINE=InnoDB DEFAULT CHARSET=utf8mb4 COLLATE=utf8mb4_general_ci;

--
-- Volcado de datos para la tabla `employees`
--

INSERT INTO `employees` (`ID`, `Name`, `Salary`) VALUES
(1, 'Ashley', 2340),
(2, 'Julia', 1198),
(3, 'Britney', 9009),
(4, 'Kristeen', 2341),
(5, 'Dyana', 9990),
(6, 'Diana', 8011),
(7, 'Jenny', 2341),
(8, 'Christeen', 2342),
(9, 'Meera', 2343),
(10, 'Priya', 2344),
(11, 'Priyanka', 2345),
(12, 'Paige', 2346),
(13, 'Jane', 2347),
(14, 'Belvet', 2348),
(15, 'Scarlet', 2349),
(16, 'Salma', 9087),
(17, 'Amanda', 7777),
(18, 'Aamina', 5500),
(19, 'Amina', 2570),
(20, 'Ketty', 2007);

-- --------------------------------------------------------

--
-- Estructura de tabla para la tabla `station`
--

CREATE TABLE `station` (
  `ID` int(4) NOT NULL,
  `CITY` varchar(21) NOT NULL,
  `STATE` varchar(2) NOT NULL,
  `LAT_N` int(5) NOT NULL,
  `LONG_W` int(5) NOT NULL
) ENGINE=InnoDB DEFAULT CHARSET=utf8mb4 COLLATE=utf8mb4_general_ci;

--
-- Volcado de datos para la tabla `station`
--

INSERT INTO `station` (`ID`, `CITY`, `STATE`, `LAT_N`, `LONG_W`) VALUES
(1, 'Pfeifer', 'KS', 37, 66),
(3, 'Hesperia', 'CA', 106, 71),
(4, 'South Britain', 'CT', 66, 34),
(11, 'Crescent City', 'FL', 58, 118),
(14, 'Forest', 'MS', 120, 50),
(15, 'Ducor', 'CA', 141, 102),
(16, 'Beaufort', 'MO', 72, 86),
(17, 'Fredericktown', 'MO', 106, 113),
(23, 'Honolulu', 'HI', 110, 140),
(25, 'New Century', 'KS', 135, 79),
(26, 'Church Creek', 'MD', 39, 91),
(29, 'South Carrollton', 'KY', 58, 117),
(31, 'Novinger', 'MO', 108, 112),
(33, 'Saint Elmo', 'AL', 27, 51),
(34, 'Mcbrides', 'MI', 74, 36),
(35, 'Richmond Hill', 'GA', 39, 114),
(44, 'Kismet', 'KS', 100, 157),
(45, 'Rives Junction', 'MI', 94, 117),
(49, 'Osborne', 'KS', 70, 140),
(53, 'Shasta', 'CA', 99, 156),
(55, 'Coalgood', 'KY', 57, 149),
(57, 'Clifton', 'AZ', 30, 136),
(59, 'Whitewater', 'MO', 83, 71),
(61, 'Brilliant', 'AL', 86, 160),
(62, 'Monroe', 'AR', 132, 150),
(65, 'Buffalo Creek', 'CO', 48, 148),
(67, 'Reeds', 'MO', 31, 43),
(69, 'Kingsland', 'AR', 78, 85),
(70, 'Norphlet', 'AR', 144, 61),
(76, 'Pico Rivera', 'CA', 143, 117),
(80, 'Bridgton', 'ME', 93, 140),
(81, 'Cowgill', 'MO', 137, 28),
(82, 'Many', 'LA', 36, 95),
(84, 'Cobalt', 'CT', 87, 27),
(88, 'Eros', 'LA', 95, 58),
(92, 'Watkins', 'CO', 83, 97),
(93, 'Dale', 'IN', 70, 34),
(95, 'Dupo', 'IL', 41, 29),
(96, 'Raymondville', 'MO', 71, 148),
(98, 'Hackleburg', 'AL', 120, 121),
(99, 'Woodstock Valley', 'CT', 117, 163),
(100, 'North Monmouth', 'ME', 131, 78),
(102, 'Kirksville', 'MO', 140, 144),
(104, 'Yalaha', 'FL', 120, 120),
(105, 'Weldon', 'CA', 134, 119),
(106, 'Yuma', 'AZ', 111, 154),
(108, 'North Berwick', 'ME', 71, 27),
(109, 'Bridgeport', 'MI', 51, 80),
(110, 'Mesick', 'MI', 82, 109),
(113, 'Prescott', 'IA', 40, 66),
(116, 'Mc Henry', 'MD', 93, 113),
(117, 'West Grove', 'IA', 127, 99),
(119, 'Wildie', 'KY', 70, 112),
(122, 'Robertsdale', 'AL', 98, 85),
(124, 'Pine City', 'MN', 119, 129),
(127, 'Oshtemo', 'MI', 100, 136),
(130, 'Hayneville', 'AL', 110, 157),
(136, 'Bass Harbor', 'ME', 138, 61),
(143, 'Renville', 'MN', 142, 99),
(144, 'Eskridge', 'KS', 108, 63),
(154, 'Baker', 'CA', 31, 148),
(155, 'Casco', 'MI', 139, 109),
(156, 'Heyburn', 'ID', 82, 121),
(157, 'Blue River', 'KY', 117, 162),
(160, 'Grosse Pointe', 'MI', 102, 91),
(161, 'Alanson', 'MI', 91, 72),
(162, 'Montgomery City', 'MO', 70, 45),
(165, 'Baileyville', 'IL', 82, 61),
(166, 'Mccomb', 'MS', 74, 43),
(167, 'Equality', 'AL', 107, 116),
(171, 'Springerville', 'AZ', 125, 151),
(172, 'Atlantic Mine', 'MI', 131, 99),
(174, 'Onaway', 'MI', 109, 56),
(175, 'Lydia', 'LA', 42, 40),
(176, 'Grapevine', 'AR', 92, 85),
(180, 'Napoleon', 'IN', 32, 160),
(181, 'Fairview', 'KS', 80, 165),
(182, 'Winter Park', 'FL', 133, 33),
(183, 'Jordan', 'MN', 69, 35),
(188, 'Prairie Du Rocher', 'IL', 76, 71),
(189, 'West Somerset', 'KY', 74, 45),
(190, 'Oconee', 'GA', 93, 119),
(193, 'Corcoran', 'CA', 81, 140),
(196, 'Compton', 'IL', 107, 99),
(197, 'Milledgeville', 'IL', 91, 113),
(199, 'Linden', 'MI', 53, 33),
(200, 'Franklin', 'LA', 82, 32),
(202, 'Hope', 'MN', 140, 44),
(204, 'Alba', 'MI', 92, 104),
(207, 'Olmitz', 'KS', 29, 38),
(208, 'Lottie', 'LA', 110, 83),
(213, 'Calpine', 'CA', 47, 43),
(215, 'Kensett', 'IA', 56, 140),
(218, 'Round Pond', 'ME', 127, 124),
(223, 'Losantville', 'IN', 113, 107),
(224, 'West Hyannisport', 'MA', 59, 96),
(225, 'Garden City', 'IA', 54, 120),
(226, 'Decatur', 'MS', 71, 118),
(228, 'Rydal', 'GA', 36, 79),
(231, 'Arispe', 'IA', 31, 138),
(232, 'Grandville', 'MI', 39, 70),
(233, 'Pierre Part', 'LA', 52, 90),
(234, 'Rogers', 'CT', 140, 33),
(235, 'Haubstadt', 'IN', 28, 32),
(237, 'Winchester', 'ID', 38, 80),
(240, 'Saint Paul', 'KS', 66, 163),
(241, 'Woodsboro', 'MD', 77, 142),
(242, 'Macy', 'IN', 139, 152),
(243, 'Hazlehurst', 'MS', 49, 109),
(246, 'Ludington', 'MI', 30, 120),
(249, 'Acme', 'LA', 73, 68),
(250, 'Hampden', 'MA', 76, 26),
(252, 'Childs', 'MD', 93, 104),
(253, 'Winsted', 'MN', 69, 73),
(255, 'Brighton', 'IL', 108, 33),
(257, 'Eureka Springs', 'AR', 72, 35),
(259, 'Baldwin', 'MD', 82, 40),
(260, 'Sizerock', 'KY', 116, 113),
(261, 'Fulton', 'KY', 111, 52),
(263, 'Irvington', 'IL', 97, 68),
(266, 'Cahone', 'CO', 116, 127),
(269, 'Jack', 'AL', 50, 86),
(270, 'Shingletown', 'CA', 61, 102),
(271, 'Hillside', 'CO', 99, 69),
(273, 'Rosie', 'AR', 73, 162),
(278, 'Cromwell', 'MN', 129, 54),
(283, 'Clipper Mills', 'CA', 114, 57),
(286, 'Five Points', 'AL', 46, 122),
(287, 'Madisonville', 'LA', 112, 53),
(288, 'Daleville', 'AL', 122, 136),
(291, 'Clarkdale', 'AZ', 58, 74),
(294, 'Orange Park', 'FL', 59, 137),
(299, 'Goodman', 'MS', 101, 117),
(301, 'Monona', 'IA', 144, 82),
(302, 'Saint Petersburg', 'FL', 52, 120),
(303, 'Cascade', 'ID', 32, 157),
(305, 'Bennington', 'KS', 94, 83),
(306, 'Bainbridge', 'GA', 62, 57),
(311, 'South Haven', 'MN', 30, 87),
(312, 'Bentonville', 'AR', 37, 78),
(315, 'Ravenna', 'KY', 79, 106),
(321, 'Bowdon Junction', 'GA', 86, 34),
(322, 'White Horse Beach', 'MA', 54, 59),
(323, 'Barrigada', 'GU', 61, 148),
(324, 'Norwood', 'MN', 144, 35),
(325, 'Monument', 'KS', 71, 142),
(326, 'Rocheport', 'MO', 114, 64),
(327, 'Ridgway', 'CO', 77, 110),
(328, 'Monroe', 'LA', 28, 108),
(329, 'Caseville', 'MI', 103, 98),
(331, 'Cranks', 'KY', 56, 27),
(332, 'Elm Grove', 'LA', 46, 29),
(336, 'Dumont', 'MN', 57, 129),
(337, 'Mascotte', 'FL', 121, 146),
(339, 'Kirk', 'CO', 141, 136),
(342, 'Chignik Lagoon', 'AK', 103, 153),
(343, 'Mechanic Falls', 'ME', 72, 71),
(344, 'Zachary', 'LA', 61, 152),
(345, 'Yoder', 'IN', 83, 144),
(350, 'Cannonsburg', 'MI', 91, 121),
(351, 'Fredericksburg', 'IN', 45, 78),
(352, 'Clutier', 'IA', 61, 127),
(354, 'Larkspur', 'CA', 107, 66),
(355, 'Weldona', 'CO', 33, 58),
(356, 'Ludlow', 'CA', 111, 88),
(357, 'Yellville', 'AR', 36, 42),
(361, 'Arrowsmith', 'IL', 28, 109),
(362, 'Magnolia', 'MS', 113, 32),
(363, 'Reasnor', 'IA', 42, 163),
(364, 'Howard Lake', 'MN', 126, 78),
(365, 'Payson', 'IL', 82, 92),
(366, 'Norvell', 'MI', 125, 94),
(370, 'Palm Desert', 'CA', 107, 146),
(373, 'Pawnee', 'IL', 85, 81),
(375, 'Culdesac', 'ID', 48, 78),
(376, 'Gorham', 'KS', 111, 65),
(377, 'Koleen', 'IN', 138, 111),
(378, 'Clio', 'IA', 46, 115),
(380, 'Crane Lake', 'MN', 73, 43),
(382, 'Leavenworth', 'IN', 100, 122),
(383, 'Newbury', 'MA', 128, 85),
(384, 'Amo', 'IN', 104, 159),
(387, 'Ojai', 'CA', 69, 119),
(389, 'Midpines', 'CA', 106, 59),
(391, 'Berryton', 'KS', 61, 140),
(392, 'Delano', 'CA', 126, 92),
(394, 'Centertown', 'MO', 134, 93),
(396, 'Dryden', 'MI', 70, 48),
(399, 'Republic', 'MI', 75, 130),
(400, 'New Ross', 'IN', 134, 121),
(401, 'Tennessee', 'IL', 55, 156),
(403, 'Zionsville', 'IN', 58, 36),
(404, 'Farmington', 'IL', 92, 72),
(405, 'Susanville', 'CA', 128, 80),
(406, 'Carver', 'MN', 46, 122),
(409, 'Columbus', 'GA', 67, 47),
(410, 'Calhoun', 'KY', 96, 57),
(411, 'Negreet', 'LA', 99, 105),
(413, 'Linthicum Heights', 'MD', 128, 68),
(414, 'Manchester', 'MD', 74, 37),
(417, 'New Liberty', 'IA', 140, 95),
(419, 'Lindsay', 'MT', 143, 68),
(420, 'Frankfort Heights', 'IL', 72, 30),
(423, 'Soldier', 'KS', 77, 153),
(426, 'Millville', 'CA', 33, 146),
(428, 'Randall', 'KS', 48, 136),
(429, 'Lucerne Valley', 'CA', 36, 48),
(430, 'Rumsey', 'KY', 71, 50),
(433, 'Canton', 'ME', 99, 106),
(435, 'Albion', 'IN', 44, 122),
(436, 'West Hills', 'CA', 68, 73),
(438, 'Bowdon', 'GA', 89, 78),
(439, 'Reeves', 'LA', 35, 51),
(440, 'Grand Terrace', 'CA', 37, 127),
(441, 'Hanna City', 'IL', 51, 137),
(442, 'Elkton', 'MD', 103, 157),
(444, 'Richland', 'GA', 105, 113),
(446, 'Mid Florida', 'FL', 110, 51),
(447, 'Arkadelphia', 'AR', 99, 50),
(448, 'Canton', 'MN', 124, 151),
(451, 'Fort Atkinson', 'IA', 143, 141),
(453, 'Sedgwick', 'AR', 69, 75),
(455, 'Granger', 'IA', 33, 102),
(457, 'Chester', 'CA', 70, 124),
(459, 'Harmony', 'IN', 135, 71),
(460, 'Leakesville', 'MS', 107, 73),
(464, 'Gales Ferry', 'CT', 105, 37),
(465, 'Jerome', 'AZ', 122, 34),
(467, 'Roselawn', 'IN', 88, 52),
(470, 'Healdsburg', 'CA', 111, 54),
(471, 'Cape Girardeau', 'MO', 74, 91),
(473, 'Highwood', 'IL', 27, 151),
(474, 'Grayslake', 'IL', 61, 33),
(476, 'Julian', 'CA', 131, 102),
(478, 'Tipton', 'IN', 34, 98),
(479, 'Cuba', 'MO', 64, 88),
(482, 'Jolon', 'CA', 67, 53),
(486, 'Delta', 'LA', 137, 50),
(489, 'Madden', 'MS', 81, 99),
(492, 'Regina', 'KY', 132, 90),
(493, 'Groveoak', 'AL', 53, 88),
(494, 'Palatka', 'FL', 95, 52),
(495, 'Upperco', 'MD', 114, 30),
(497, 'Hills', 'MN', 138, 135),
(498, 'Glen Carbon', 'IL', 61, 141),
(499, 'Delavan', 'MN', 33, 65),
(501, 'Tefft', 'IN', 93, 150),
(502, 'Bellevue', 'KY', 127, 122),
(503, 'Northfield', 'MN', 61, 37),
(504, 'Melber', 'KY', 37, 56),
(505, 'Williams', 'AZ', 73, 112),
(506, 'Firebrick', 'KY', 50, 95),
(510, 'Eastlake', 'MI', 134, 39),
(512, 'Garland', 'ME', 109, 134),
(515, 'Waresboro', 'GA', 144, 154),
(518, 'Vulcan', 'MO', 109, 92),
(519, 'Rio Oso', 'CA', 29, 106),
(520, 'Delray Beach', 'FL', 27, 159),
(521, 'Gowrie', 'IA', 130, 128),
(522, 'Harmony', 'MN', 124, 126),
(524, 'Montrose', 'CA', 136, 119),
(526, 'Tarzana', 'CA', 136, 81),
(527, 'Auburn', 'IA', 95, 137),
(528, 'Crouseville', 'ME', 37, 82),
(531, 'North Middletown', 'KY', 43, 142),
(536, 'Henderson', 'IA', 78, 78),
(537, 'Hagatna', 'GU', 97, 152),
(538, 'Cheswold', 'DE', 32, 59),
(539, 'Montreal', 'MO', 129, 127),
(540, 'Mosca', 'CO', 89, 141),
(541, 'Siloam', 'GA', 105, 92),
(543, 'Lapeer', 'MI', 129, 114),
(545, 'Byron', 'CA', 137, 120),
(547, 'Sandborn', 'IN', 56, 94),
(551, 'San Simeon', 'CA', 38, 28),
(554, 'Brownsdale', 'MN', 52, 51),
(555, 'Westphalia', 'MI', 33, 144),
(557, 'Woodbury', 'GA', 103, 93),
(560, 'Osage City', 'KS', 110, 90),
(566, 'Marine On Saint Croix', 'MN', 126, 116),
(570, 'Greenview', 'CA', 81, 58),
(571, 'Tyler', 'MN', 133, 59),
(572, 'Athens', 'IN', 75, 121),
(573, 'Alton', 'MO', 80, 112),
(581, 'Carlos', 'MN', 115, 66),
(582, 'Curdsville', 'KY', 85, 150),
(583, 'Channing', 'MI', 117, 57),
(586, 'Ottertail', 'MN', 100, 44),
(588, 'Glencoe', 'KY', 46, 136),
(591, 'Baton Rouge', 'LA', 130, 72),
(593, 'Aliso Viejo', 'CA', 68, 131),
(595, 'Grimes', 'IA', 42, 75),
(596, 'Brownstown', 'IL', 49, 63),
(598, 'Middleboro', 'MA', 108, 149),
(599, 'Esmond', 'IL', 76, 91),
(600, 'Shreveport', 'LA', 136, 39),
(603, 'Sandy Hook', 'CT', 72, 148),
(604, 'Forest Lakes', 'AZ', 145, 114),
(605, 'Notasulga', 'AL', 67, 116),
(606, 'Morenci', 'AZ', 105, 110),
(608, 'Busby', 'MT', 104, 30),
(609, 'Marysville', 'MI', 86, 133),
(610, 'Archie', 'MO', 40, 28),
(611, 'Richmond', 'IL', 113, 163),
(612, 'Sturdivant', 'MO', 94, 86),
(613, 'East China', 'MI', 109, 42),
(614, 'Benedict', 'KS', 138, 96),
(615, 'Libertytown', 'MD', 145, 112),
(617, 'Sturgis', 'MS', 36, 126),
(619, 'Arlington', 'CO', 75, 93),
(621, 'Flowood', 'MS', 65, 149),
(623, 'Jackson', 'AL', 111, 67),
(624, 'Knobel', 'AR', 95, 62),
(625, 'Bristol', 'ME', 88, 95),
(630, 'Prince Frederick', 'MD', 105, 58),
(631, 'Urbana', 'IA', 143, 29),
(633, 'Bertha', 'MN', 40, 105),
(636, 'Ukiah', 'CA', 87, 90),
(637, 'Beverly', 'KY', 58, 127),
(638, 'Clovis', 'CA', 92, 138),
(640, 'Walnut', 'MS', 41, 77),
(642, 'Lynnville', 'KY', 25, 146),
(643, 'Wellington', 'KY', 100, 32),
(644, 'Seward', 'AK', 120, 36),
(646, 'Greens Fork', 'IN', 134, 135),
(647, 'Portland', 'AR', 84, 45),
(649, 'Pengilly', 'MN', 25, 154),
(650, 'Clancy', 'MT', 46, 164),
(651, 'Clopton', 'AL', 41, 85),
(654, 'Lee', 'IL', 28, 51),
(656, 'Pattonsburg', 'MO', 138, 32),
(657, 'Gridley', 'KS', 118, 56),
(661, 'Payson', 'AZ', 126, 154),
(662, 'Skanee', 'MI', 70, 130),
(665, 'Chelsea', 'IA', 99, 60),
(666, 'West Baden Springs', 'IN', 30, 96),
(667, 'Hawarden', 'IA', 91, 47),
(668, 'Rockton', 'IL', 116, 87),
(672, 'Lismore', 'MN', 59, 104),
(673, 'Showell', 'MD', 44, 164),
(675, 'Dent', 'MN', 71, 137),
(677, 'Hayesville', 'IA', 120, 42),
(678, 'Bennington', 'IN', 36, 27),
(679, 'Gretna', 'LA', 75, 143),
(682, 'Pheba', 'MS', 91, 127),
(684, 'Mineral Point', 'MO', 91, 41),
(685, 'Anthony', 'KS', 45, 161),
(690, 'Ravenden Springs', 'AR', 68, 108),
(692, 'Yellow Pine', 'ID', 83, 151),
(694, 'Ozona', 'FL', 145, 121),
(695, 'Amazonia', 'MO', 46, 148),
(696, 'Chilhowee', 'MO', 80, 49),
(698, 'Albany', 'CA', 50, 80),
(699, 'North Branford', 'CT', 38, 95),
(700, 'Pleasant Grove', 'AR', 135, 146),
(701, 'Seaton', 'IL', 128, 78),
(702, 'Everton', 'MO', 119, 51),
(704, 'Climax', 'MI', 127, 107),
(705, 'Hotchkiss', 'CO', 70, 72),
(706, 'Little Rock', 'AR', 122, 121),
(709, 'Nubieber', 'CA', 133, 49),
(710, 'Turners Falls', 'MA', 31, 125),
(711, 'Turner', 'AR', 50, 101),
(712, 'Dundee', 'IA', 62, 105),
(715, 'Hyde Park', 'MA', 65, 156),
(716, 'Schleswig', 'IA', 119, 52),
(718, 'Taft', 'CA', 108, 147),
(722, 'Marion Junction', 'AL', 53, 31),
(725, 'Alpine', 'AR', 117, 115),
(727, 'Winslow', 'IL', 113, 39),
(728, 'Roy', 'MT', 41, 52),
(731, 'Emmett', 'ID', 57, 32),
(733, 'Pelahatchie', 'MS', 39, 28),
(735, 'Wilton', 'ME', 57, 157),
(738, 'Philipsburg', 'MT', 96, 72),
(739, 'Fort Meade', 'FL', 44, 35),
(740, 'Siler', 'KY', 137, 117),
(741, 'Jemison', 'AL', 62, 26),
(743, 'De Tour Village', 'MI', 25, 25),
(745, 'Windom', 'KS', 114, 126),
(746, 'Orange City', 'IA', 94, 163),
(750, 'Neon', 'KY', 102, 148),
(751, 'Agency', 'MO', 59, 96),
(752, 'East Irvine', 'CA', 106, 115),
(753, 'Algonac', 'MI', 119, 80),
(754, 'South Haven', 'MI', 145, 53),
(755, 'Sturgis', 'MI', 117, 135),
(756, 'Garden City', 'AL', 96, 105),
(757, 'Lakeville', 'CT', 60, 95),
(766, 'Gustine', 'CA', 111, 141),
(767, 'Pomona Park', 'FL', 101, 163),
(774, 'Manchester', 'IA', 130, 123),
(775, 'Eleele', 'HI', 81, 153),
(777, 'Edgewater', 'MD', 130, 72),
(778, 'Pine Bluff', 'AR', 60, 146),
(779, 'Del Mar', 'CA', 59, 96),
(780, 'Cherry', 'IL', 68, 47),
(781, 'Hoffman Estates', 'IL', 129, 53),
(783, 'Strawn', 'IL', 30, 51),
(784, 'Biggsville', 'IL', 86, 139),
(789, 'Hopkinsville', 'KY', 27, 48),
(791, 'Scotts Valley', 'CA', 120, 91),
(794, 'Kissee Mills', 'MO', 140, 73),
(799, 'Corriganville', 'MD', 141, 154),
(801, 'Pocahontas', 'IL', 110, 83),
(804, 'Fort Lupton', 'CO', 39, 93),
(805, 'Tamms', 'IL', 60, 75),
(811, 'Dorrance', 'KS', 102, 122),
(813, 'Verona', 'MO', 110, 153),
(814, 'Wickliffe', 'KY', 80, 46),
(815, 'Pomona', 'MO', 52, 50),
(819, 'Peaks Island', 'ME', 59, 111),
(820, 'Chokio', 'MN', 81, 134),
(821, 'Sanders', 'AZ', 131, 97),
(824, 'Loma Mar', 'CA', 49, 131),
(825, 'Addison', 'MI', 96, 142),
(826, 'Norris', 'MT', 47, 37),
(827, 'Greenville', 'IL', 51, 153),
(829, 'Seward', 'IL', 72, 90),
(830, 'Greenway', 'AR', 119, 36),
(833, 'Hoskinston', 'KY', 66, 66),
(834, 'Bayville', 'ME', 107, 143),
(836, 'Kenner', 'LA', 92, 127),
(838, 'Strasburg', 'CO', 89, 48),
(839, 'Slidell', 'LA', 85, 152),
(841, 'Freeport', 'MI', 114, 51),
(842, 'Decatur', 'MI', 63, 161),
(843, 'Talbert', 'KY', 40, 59),
(844, 'Aguanga', 'CA', 80, 66),
(845, 'Tina', 'MO', 132, 28),
(849, 'Harbor Springs', 'MI', 141, 149),
(851, 'Gatewood', 'MO', 76, 146),
(853, 'Coldwater', 'KS', 48, 26),
(854, 'Kirkland', 'AZ', 86, 58),
(861, 'Peabody', 'KS', 75, 152),
(866, 'Haverhill', 'IA', 62, 109),
(867, 'Beaver Island', 'MI', 82, 165),
(868, 'Sherrill', 'AR', 80, 152),
(871, 'Clarkston', 'MI', 94, 81),
(878, 'Rantoul', 'KS', 32, 119),
(884, 'Southport', 'CT', 59, 63),
(885, 'Deerfield', 'MO', 40, 36),
(886, 'Pony', 'MT', 99, 163),
(888, 'Bono', 'AR', 133, 150),
(889, 'Lena', 'LA', 78, 130),
(890, 'Eufaula', 'AL', 140, 103),
(891, 'Humeston', 'IA', 75, 122),
(892, 'Effingham', 'KS', 133, 98),
(896, 'Yazoo City', 'MS', 95, 85),
(897, 'Samantha', 'AL', 75, 36),
(899, 'Fremont', 'MI', 54, 151),
(901, 'Manchester', 'MN', 71, 84),
(904, 'Ermine', 'KY', 120, 63),
(905, 'Newark', 'IL', 73, 130),
(906, 'Hayfork', 'CA', 35, 117),
(907, 'Veedersburg', 'IN', 79, 95),
(908, 'Bullhead City', 'AZ', 95, 30),
(909, 'Carlock', 'IL', 117, 85),
(910, 'Salem', 'KY', 87, 114),
(914, 'Hanscom Afb', 'MA', 129, 136),
(919, 'Knob Lick', 'KY', 136, 33),
(920, 'Eustis', 'FL', 43, 39),
(921, 'Lee Center', 'IL', 96, 77),
(922, 'Kell', 'IL', 70, 59),
(923, 'Union Star', 'MO', 79, 133),
(927, 'Quinter', 'KS', 60, 25),
(928, 'Coaling', 'AL', 144, 52),
(938, 'Andersonville', 'GA', 141, 73),
(940, 'Paron', 'AR', 59, 104),
(941, 'Allerton', 'IA', 62, 113),
(944, 'Ledyard', 'CT', 135, 144),
(946, 'Newton Center', 'MA', 48, 145),
(948, 'Lupton', 'MI', 140, 53),
(949, 'Norway', 'ME', 84, 88),
(950, 'Peachtree City', 'GA', 80, 156),
(953, 'Udall', 'KS', 113, 60),
(955, 'Netawaka', 'KS', 109, 120),
(957, 'South El Monte', 'CA', 74, 80),
(959, 'Waipahu', 'HI', 106, 34),
(960, 'Deep River', 'IA', 75, 39),
(963, 'Eriline', 'KY', 94, 65),
(965, 'Griffin', 'GA', 39, 152),
(968, 'Norris City', 'IL', 54, 76),
(969, 'Dixie', 'GA', 27, 36),
(970, 'East Haddam', 'CT', 116, 132),
(971, 'Graettinger', 'IA', 95, 150),
(973, 'Andover', 'CT', 52, 53),
(975, 'Panther Burn', 'MS', 117, 165),
(977, 'Odin', 'IL', 53, 116),
(981, 'Lakota', 'IA', 56, 92),
(982, 'Holbrook', 'AZ', 135, 104),
(983, 'Patriot', 'IN', 83, 46),
(985, 'Winslow', 'AR', 126, 126),
(987, 'Hartland', 'MI', 136, 108),
(988, 'Mullan', 'ID', 143, 155),
(990, 'Bison', 'KS', 132, 75),
(994, 'Kanorado', 'KS', 65, 86),
(996, 'Keyes', 'CA', 77, 86),
(998, 'Oakfield', 'ME', 48, 132);

-- --------------------------------------------------------

--
-- Estructura de tabla para la tabla `students`
--

CREATE TABLE `students` (
  `ID` int(2) NOT NULL,
  `Name` varchar(15) NOT NULL,
  `Marks` int(3) NOT NULL
) ENGINE=InnoDB DEFAULT CHARSET=utf8mb4 COLLATE=utf8mb4_general_ci;

--
-- Volcado de datos para la tabla `students`
--

INSERT INTO `students` (`ID`, `Name`, `Marks`) VALUES
(39, 'Samantha', 87),
(22, 'Julia', 96),
(32, 'Kristeen', 100),
(11, 'Britney', 95),
(12, 'Dyana', 55),
(13, 'Jenny', 66),
(14, 'Christene', 88),
(15, 'Meera', 24),
(16, 'Priya', 76),
(17, 'Priyanka', 77),
(18, 'Paige', 74),
(19, 'Jane', 64),
(21, 'Belvet', 78),
(31, 'Scarlet', 80),
(41, 'Salma', 81),
(51, 'Amanda', 34),
(61, 'Heraldo', 94),
(71, 'Stuart', 99),
(81, 'Aamina', 77),
(76, 'Amina', 89),
(91, 'Vivek', 84),
(71, 'Evil', 79),
(26, 'Devil', 76),
(34, 'Fanny', 75),
(38, 'Danny', 75);

-- --------------------------------------------------------

--
-- Estructura de tabla para la tabla `triangles`
--

CREATE TABLE `triangles` (
  `A` int(2) NOT NULL,
  `B` int(2) NOT NULL,
  `C` int(2) NOT NULL
) ENGINE=InnoDB DEFAULT CHARSET=utf8mb4 COLLATE=utf8mb4_general_ci;

--
-- Volcado de datos para la tabla `triangles`
--

INSERT INTO `triangles` (`A`, `B`, `C`) VALUES
(10, 10, 10),
(11, 11, 11),
(30, 32, 30),
(40, 40, 40),
(20, 20, 21),
(21, 21, 21),
(20, 22, 21),
(20, 20, 40),
(20, 22, 21),
(30, 32, 41),
(50, 22, 51),
(20, 12, 61),
(20, 22, 50),
(50, 52, 51),
(80, 80, 80);

--
-- Índices para tablas volcadas
--

--
-- Indices de la tabla `city`
--
ALTER TABLE `city`
  ADD PRIMARY KEY (`ID`);

--
-- Indices de la tabla `country`
--
ALTER TABLE `country`
  ADD PRIMARY KEY (`CODE`);

--
-- Indices de la tabla `station`
--
ALTER TABLE `station`
  ADD PRIMARY KEY (`ID`);
COMMIT;

/*!40101 SET CHARACTER_SET_CLIENT=@OLD_CHARACTER_SET_CLIENT */;
/*!40101 SET CHARACTER_SET_RESULTS=@OLD_CHARACTER_SET_RESULTS */;
/*!40101 SET COLLATION_CONNECTION=@OLD_COLLATION_CONNECTION */;
